Row,id6274
id12024,0.571428571428571
id12166,1
id14780,0.571428571428571
id14781,0.666666666666667
id15770,0
id6273,1
id6274,0.857142857142857
id6275,1
id6279,0.857142857142857
id6282,0.333333333333333
id6286,1
